{
  "lala": {
    "test_suite": 1775954645.6446433,
    "ticket_progress": 1775943844.0894208
  },
  "dumply": {
    "content_pipeline": 1775954645.6516798,
    "ticket_progress": 1775943844.1060834
  },
  "lenoon": {
    "schema-drift-check": 1775858438.0847034,
    "docker-stack-health": 1775950265.033265,
    "candystore-lag-check": 1775948464.783584,
    "overlord-auto-heal": 1775957346.0685775,
    "plane-board-hygiene": 1775829632.6410997
  },
  "pepe": {
    "ticket_progress": 1775943844.1233923,
    "sales_pipeline": 1775915036.0466452
  },
  "rererere": {
    "execution_check": 1775957706.1227994,
    "pr_review": 1775956445.9268386,
    "trunk_health": 1775954645.6724603
  },
  "tongy": {
    "build_health": 1775954645.6791606,
    "ticket_progress": 1775943844.153262
  },
  "tonny": {
    "family_vibe": 1775915036.0803046
  }
}