{
  "lala": {
    "test_suite": 1775274073.726076,
    "ticket_progress": 1775266872.7019546
  },
  "dumply": {
    "content_pipeline": 1775274073.7338731,
    "ticket_progress": 1775266872.7149749
  },
  "lenoon": {
    "schema-drift-check": 1775253670.9919364,
    "docker-stack-health": 1775259071.725151,
    "candystore-lag-check": 1775257271.496556,
    "overlord-auto-heal": 1775275873.9947703,
    "plane-board-hygiene": 1775224833.8345954
  },
  "pepe": {
    "ticket_progress": 1775266872.7304997,
    "sales_pipeline": 1775223633.551494
  },
  "rererere": {
    "execution_check": 1775275934.0259383,
    "pr_review": 1775275874.00293,
    "trunk_health": 1775274073.7553535
  },
  "tongy": {
    "build_health": 1775274073.7617605,
    "ticket_progress": 1775266872.7620778
  },
  "tonny": {
    "family_vibe": 1775223633.5924015
  }
}