{
  "lala": {
    "test_suite": 1775752993.3861475,
    "ticket_progress": 1775742189.969176
  },
  "dumply": {
    "content_pipeline": 1775752993.394162,
    "ticket_progress": 1775742189.9822757
  },
  "lenoon": {
    "schema-drift-check": 1775750412.5269322,
    "docker-stack-health": 1775754013.7793963,
    "candystore-lag-check": 1775754013.786222,
    "overlord-auto-heal": 1775754794.0246592,
    "plane-board-hygiene": 1775656853.6666818
  },
  "pepe": {
    "ticket_progress": 1775742189.997521,
    "sales_pipeline": 1775742190.0046623
  },
  "rererere": {
    "execution_check": 1775754854.06312,
    "pr_review": 1775754794.0325255,
    "trunk_health": 1775752993.4177294
  },
  "tongy": {
    "build_health": 1775752993.4245312,
    "ticket_progress": 1775742190.031088
  },
  "tonny": {
    "family_vibe": 1775742190.0390098
  }
}