{
  "lala": {
    "test_suite": 1775360495.8787832,
    "ticket_progress": 1775353293.1459653
  },
  "dumply": {
    "content_pipeline": 1775360495.8870308,
    "ticket_progress": 1775353293.160008
  },
  "lenoon": {
    "schema-drift-check": 1775253670.9919364,
    "docker-stack-health": 1775345430.230319,
    "candystore-lag-check": 1775343629.625016,
    "overlord-auto-heal": 1775362296.6470544,
    "plane-board-hygiene": 1775224833.8345954
  },
  "pepe": {
    "ticket_progress": 1775353293.1783683,
    "sales_pipeline": 1775310080.501099
  },
  "rererere": {
    "execution_check": 1775362356.6964853,
    "pr_review": 1775362296.6534476,
    "trunk_health": 1775360495.9117217
  },
  "tongy": {
    "build_health": 1775360495.9184535,
    "ticket_progress": 1775353293.2094073
  },
  "tonny": {
    "family_vibe": 1775310080.5361645
  }
}