{
  "lala": {
    "test_suite": 1775072395.749793,
    "ticket_progress": 1775065194.609546
  },
  "dumply": {
    "content_pipeline": 1775072395.7570271,
    "ticket_progress": 1775065194.6310604
  },
  "lenoon": {
    "schema-drift-check": 1775059253.6950703,
    "docker-stack-health": 1775071855.67087,
    "candystore-lag-check": 1775070055.3894923,
    "overlord-auto-heal": 1775072395.7644553,
    "plane-board-hygiene": 1775052052.7500403
  },
  "pepe": {
    "ticket_progress": 1775065194.649383,
    "sales_pipeline": 1775050792.563449
  },
  "rererere": {
    "execution_check": 1775072455.8072999,
    "pr_review": 1775072395.771066,
    "trunk_health": 1775072395.777473
  },
  "tongy": {
    "build_health": 1775072395.7872126,
    "ticket_progress": 1775065194.678637
  },
  "tonny": {
    "family_vibe": 1775050792.6180992
  }
}