{
  "lala": {
    "test_suite": 1775446915.474059,
    "ticket_progress": 1775439713.7887244
  },
  "dumply": {
    "content_pipeline": 1775446915.4811687,
    "ticket_progress": 1775439713.802223
  },
  "lenoon": {
    "schema-drift-check": 1775253670.9919364,
    "docker-stack-health": 1775431852.1770976,
    "candystore-lag-check": 1775430051.8105102,
    "overlord-auto-heal": 1775448715.9206448,
    "plane-board-hygiene": 1775224833.8345954
  },
  "pepe": {
    "ticket_progress": 1775439713.818762,
    "sales_pipeline": 1775396505.941636
  },
  "rererere": {
    "execution_check": 1775448775.954679,
    "pr_review": 1775448715.927145,
    "trunk_health": 1775446915.5025606
  },
  "tongy": {
    "build_health": 1775446915.511888,
    "ticket_progress": 1775439713.8459847
  },
  "tonny": {
    "family_vibe": 1775396505.975895
  }
}