{
  "lala": {
    "test_suite": 1775191227.4814482,
    "ticket_progress": 1775180426.021222
  },
  "dumply": {
    "content_pipeline": 1775191227.4883485,
    "ticket_progress": 1775180426.0350277
  },
  "lenoon": {
    "schema-drift-check": 1775167224.391881,
    "docker-stack-health": 1775172625.050163,
    "candystore-lag-check": 1775170824.8748786,
    "overlord-auto-heal": 1775191227.4960206,
    "plane-board-hygiene": 1775052052.7500403
  },
  "pepe": {
    "ticket_progress": 1775180426.0557213,
    "sales_pipeline": 1775137211.7651358
  },
  "rererere": {
    "execution_check": 1775191287.5356364,
    "pr_review": 1775191227.5035455,
    "trunk_health": 1775191227.5110266
  },
  "tongy": {
    "build_health": 1775191227.5208526,
    "ticket_progress": 1775180426.100318
  },
  "tonny": {
    "family_vibe": 1775137211.7979786
  }
}