{
  "lala": {
    "test_suite": 1775187626.979254,
    "ticket_progress": 1775180426.021222
  },
  "dumply": {
    "content_pipeline": 1775187626.9869096,
    "ticket_progress": 1775180426.0350277
  },
  "lenoon": {
    "schema-drift-check": 1775167224.391881,
    "docker-stack-health": 1775172625.050163,
    "candystore-lag-check": 1775170824.8748786,
    "overlord-auto-heal": 1775189427.2420418,
    "plane-board-hygiene": 1775052052.7500403
  },
  "pepe": {
    "ticket_progress": 1775180426.0557213,
    "sales_pipeline": 1775137211.7651358
  },
  "rererere": {
    "execution_check": 1775189487.2683685,
    "pr_review": 1775189427.2490447,
    "trunk_health": 1775187627.0077486
  },
  "tongy": {
    "build_health": 1775187627.0217059,
    "ticket_progress": 1775180426.100318
  },
  "tonny": {
    "family_vibe": 1775137211.7979786
  }
}