{
  "lala": {
    "test_suite": 1775879023.0964215,
    "ticket_progress": 1775871821.1909893
  },
  "dumply": {
    "content_pipeline": 1775879023.1035814,
    "ticket_progress": 1775871821.205253
  },
  "lenoon": {
    "schema-drift-check": 1775858438.0847034,
    "docker-stack-health": 1775863839.337361,
    "candystore-lag-check": 1775862038.9179275,
    "overlord-auto-heal": 1775880823.5891266,
    "plane-board-hygiene": 1775829632.6410997
  },
  "pepe": {
    "ticket_progress": 1775871821.2209039,
    "sales_pipeline": 1775828612.465564
  },
  "rererere": {
    "execution_check": 1775880883.6306398,
    "pr_review": 1775880823.5969114,
    "trunk_health": 1775879023.125473
  },
  "tongy": {
    "build_health": 1775879023.1368277,
    "ticket_progress": 1775871821.2457225
  },
  "tonny": {
    "family_vibe": 1775828612.5007155
  }
}