{
  "lala": {
    "test_suite": 1775619761.0595968,
    "ticket_progress": 1775612558.5578835
  },
  "dumply": {
    "content_pipeline": 1775619761.0667717,
    "ticket_progress": 1775612558.5720172
  },
  "lenoon": {
    "schema-drift-check": 1775599234.5663152,
    "docker-stack-health": 1775604636.1346629,
    "candystore-lag-check": 1775602835.6290421,
    "overlord-auto-heal": 1775621561.6428447,
    "plane-board-hygiene": 1775484006.6811745
  },
  "pepe": {
    "ticket_progress": 1775612558.5879636,
    "sales_pipeline": 1775569347.1150508
  },
  "rererere": {
    "execution_check": 1775621621.679505,
    "pr_review": 1775621561.6496525,
    "trunk_health": 1775619761.088044
  },
  "tongy": {
    "build_health": 1775619761.0943608,
    "ticket_progress": 1775612558.6144528
  },
  "tonny": {
    "family_vibe": 1775569347.1493495
  }
}