{
  "lala": {
    "test_suite": 1775533341.039571,
    "ticket_progress": 1775526140.0451999
  },
  "dumply": {
    "content_pipeline": 1775533341.0461347,
    "ticket_progress": 1775526140.059281
  },
  "lenoon": {
    "schema-drift-check": 1775512818.394262,
    "docker-stack-health": 1775518279.042038,
    "candystore-lag-check": 1775516478.8520327,
    "overlord-auto-heal": 1775535141.3031044,
    "plane-board-hygiene": 1775484006.6811745
  },
  "pepe": {
    "ticket_progress": 1775526140.0774333,
    "sales_pipeline": 1775482926.2768407
  },
  "rererere": {
    "execution_check": 1775535201.3294683,
    "pr_review": 1775535141.3094683,
    "trunk_health": 1775533341.0687015
  },
  "tongy": {
    "build_health": 1775533341.0753367,
    "ticket_progress": 1775526140.1039617
  },
  "tonny": {
    "family_vibe": 1775482926.3140895
  }
}