{
  "lala": {
    "test_suite": 1775706181.003246,
    "ticket_progress": 1775698979.7564132
  },
  "dumply": {
    "content_pipeline": 1775706181.0103602,
    "ticket_progress": 1775698979.7692122
  },
  "lenoon": {
    "schema-drift-check": 1775685657.607318,
    "docker-stack-health": 1775691058.4834387,
    "candystore-lag-check": 1775689258.2033515,
    "overlord-auto-heal": 1775707981.3747249,
    "plane-board-hygiene": 1775656853.6666818
  },
  "pepe": {
    "ticket_progress": 1775698979.7850718,
    "sales_pipeline": 1775655773.4962506
  },
  "rererere": {
    "execution_check": 1775708041.4098475,
    "pr_review": 1775707981.3831816,
    "trunk_health": 1775706181.0336785
  },
  "tongy": {
    "build_health": 1775706181.0401838,
    "ticket_progress": 1775698979.8099933
  },
  "tonny": {
    "family_vibe": 1775655773.53135
  }
}